data,np,count
2008-01-01,1,58043
2008-01-01,2,10717
2008-01-01,3,2207
2008-01-01,4,553
2008-01-01,5,158
2008-01-01,6,62
2008-01-01,7,40
2008-01-01,8,13
2008-01-01,9,5
2008-01-01,10,4
2008-01-01,11,2
2008-01-01,14,1
2008-01-01,16,1
2008-01-01,15,1
2008-02-01,1,51629
2008-02-01,2,9258
2008-02-01,3,1684
2008-02-01,4,431
2008-02-01,5,130
2008-02-01,6,65
2008-02-01,7,21
2008-02-01,8,6
2008-02-01,9,4
2008-02-01,10,2
2008-02-01,13,2
2008-02-01,11,1
2008-03-01,1,46335
2008-03-01,2,8071
2008-03-01,3,1608
2008-03-01,4,396
2008-03-01,5,129
2008-03-01,6,48
2008-03-01,7,21
2008-03-01,8,15
2008-03-01,10,7
2008-03-01,9,5
2008-03-01,11,2
2008-03-01,14,1
2008-04-01,1,44335
2008-04-01,2,8094
2008-04-01,3,1565
2008-04-01,4,396
2008-04-01,5,130
2008-04-01,6,55
2008-04-01,7,24
2008-04-01,8,12
2008-04-01,9,4
2008-04-01,10,3
2008-04-01,11,3
2008-04-01,13,1
2008-04-01,12,1
2008-05-01,1,41721
2008-05-01,2,7508
2008-05-01,3,1413
2008-05-01,4,394
2008-05-01,5,117
2008-05-01,6,42
2008-05-01,7,20
2008-05-01,8,7
2008-05-01,9,6
2008-05-01,10,5
2008-05-01,11,2
2008-05-01,18,1
2008-06-01,1,37675
2008-06-01,2,6725
2008-06-01,3,1266
2008-06-01,4,368
2008-06-01,5,90
2008-06-01,6,41
2008-06-01,7,16
2008-06-01,10,6
2008-06-01,8,5
2008-06-01,11,2
2008-06-01,9,2
2008-07-01,1,39046
2008-07-01,2,7593
2008-07-01,3,1546
2008-07-01,4,447
2008-07-01,5,137
2008-07-01,6,42
2008-07-01,7,20
2008-07-01,8,15
2008-07-01,9,5
2008-07-01,11,2
2008-07-01,12,2
2008-07-01,10,2
2008-07-01,15,1
2008-07-01,21,1
2008-08-01,1,27948
2008-08-01,2,4646
2008-08-01,3,789
2008-08-01,4,220
2008-08-01,5,71
2008-08-01,6,33
2008-08-01,7,14
2008-08-01,8,6
2008-08-01,9,5
2008-08-01,11,2
2008-08-01,10,2
2008-08-01,16,1
2008-09-01,1,44927
2008-09-01,2,8199
2008-09-01,3,1612
2008-09-01,4,407
2008-09-01,5,148
2008-09-01,6,51
2008-09-01,7,19
2008-09-01,8,9
2008-09-01,12,5
2008-09-01,11,4
2008-09-01,9,4
2008-09-01,10,2
2008-09-01,13,2
2008-09-01,14,1
2008-09-01,15,1
2008-10-01,1,51088
2008-10-01,2,9536
2008-10-01,3,1892
2008-10-01,4,513
2008-10-01,5,152
2008-10-01,6,73
2008-10-01,7,22
2008-10-01,9,10
2008-10-01,8,9
2008-10-01,10,3
2008-10-01,13,2
2008-10-01,14,2
2008-10-01,12,1
2008-10-01,17,1
2008-10-01,11,1
2008-10-01,15,1
2008-11-01,1,43176
2008-11-01,2,7173
2008-11-01,3,1259
2008-11-01,4,334
2008-11-01,5,103
2008-11-01,6,44
2008-11-01,7,18
2008-11-01,8,5
2008-11-01,9,3
2008-11-01,10,1
2008-12-01,1,46252
2008-12-01,2,7974
2008-12-01,3,1593
2008-12-01,4,404
2008-12-01,5,125
2008-12-01,6,52
2008-12-01,7,22
2008-12-01,9,9
2008-12-01,8,8
2008-12-01,10,2
2008-12-01,11,1
2008-12-01,12,1
2008-12-01,24,1
2009-01-01,1,51002
2009-01-01,2,9054
2009-01-01,3,1701
2009-01-01,4,433
2009-01-01,5,141
2009-01-01,6,47
2009-01-01,7,22
2009-01-01,8,7
2009-01-01,9,5
2009-01-01,10,3
2009-01-01,17,1
2009-01-01,23,1
2009-02-01,1,48749
2009-02-01,2,8202
2009-02-01,3,1574
2009-02-01,4,434
2009-02-01,5,106
2009-02-01,6,52
2009-02-01,7,16
2009-02-01,8,12
2009-02-01,9,3
2009-02-01,14,3
2009-02-01,12,2
2009-02-01,13,1
2009-02-01,11,1
2009-02-01,10,1
2009-03-01,1,52746
2009-03-01,2,9617
2009-03-01,3,1949
2009-03-01,4,512
2009-03-01,5,168
2009-03-01,6,63
2009-03-01,7,20
2009-03-01,8,8
2009-03-01,10,4
2009-03-01,9,2
2009-03-01,12,2
2009-03-01,17,1
2009-03-01,14,1
2009-03-01,11,1
2009-04-01,1,46428
2009-04-01,2,8307
2009-04-01,3,1603
2009-04-01,4,412
2009-04-01,5,149
2009-04-01,6,42
2009-04-01,7,27
2009-04-01,8,8
2009-04-01,9,7
2009-04-01,10,3
2009-04-01,18,1
2009-04-01,14,1
2009-05-01,1,43150
2009-05-01,2,7490
2009-05-01,3,1527
2009-05-01,4,409
2009-05-01,5,110
2009-05-01,6,47
2009-05-01,7,20
2009-05-01,8,7
2009-05-01,9,6
2009-05-01,10,3
2009-05-01,11,2
2009-05-01,19,1
2009-05-01,12,1
2009-05-01,36,1
2009-05-01,16,1
2009-06-01,1,40627
2009-06-01,2,7228
2009-06-01,3,1465
2009-06-01,4,436
2009-06-01,5,136
2009-06-01,6,52
2009-06-01,7,22
2009-06-01,8,15
2009-06-01,9,9
2009-06-01,11,6
2009-06-01,10,5
2009-06-01,13,1
2009-06-01,17,1
2009-06-01,14,1
2009-06-01,12,1
2009-06-01,15,1
2009-07-01,1,40607
2009-07-01,2,7924
2009-07-01,3,1656
2009-07-01,4,502
2009-07-01,5,163
2009-07-01,6,68
2009-07-01,7,29
2009-07-01,8,12
2009-07-01,9,9
2009-07-01,10,8
2009-07-01,11,5
2009-07-01,13,3
2009-07-01,14,2
2009-07-01,12,1
2009-07-01,15,1
2009-07-01,18,1
2009-08-01,1,29494
2009-08-01,2,4998
2009-08-01,3,952
2009-08-01,4,261
2009-08-01,5,88
2009-08-01,6,34
2009-08-01,7,21
2009-08-01,8,12
2009-08-01,9,4
2009-08-01,10,3
2009-08-01,11,2
2009-08-01,13,1
2009-08-01,17,1
2009-08-01,12,1
2009-09-01,1,45321
2009-09-01,2,8309
2009-09-01,3,1660
2009-09-01,4,437
2009-09-01,5,134
2009-09-01,6,59
2009-09-01,7,16
2009-09-01,8,14
2009-09-01,9,9
2009-09-01,10,3
2009-09-01,11,2
2009-09-01,13,1
2009-09-01,12,1
2009-10-01,1,55065
2009-10-01,2,9806
2009-10-01,3,1926
2009-10-01,4,503
2009-10-01,5,159
2009-10-01,6,70
2009-10-01,7,26
2009-10-01,8,11
2009-10-01,9,7
2009-10-01,10,3
2009-10-01,12,2
2009-10-01,13,1
2009-10-01,15,1
2009-10-01,11,1
2009-11-01,1,55576
2009-11-01,2,10008
2009-11-01,3,1870
2009-11-01,4,476
2009-11-01,5,157
2009-11-01,6,53
2009-11-01,7,26
2009-11-01,8,8
2009-11-01,9,5
2009-11-01,10,3
2009-11-01,16,1
2009-12-01,1,43977
2009-12-01,2,7601
2009-12-01,3,1577
2009-12-01,4,439
2009-12-01,5,115
2009-12-01,6,50
2009-12-01,7,26
2009-12-01,8,10
2009-12-01,9,5
2009-12-01,10,5
2009-12-01,11,3
2009-12-01,13,3
2009-12-01,22,1
2010-01-01,1,45767
2010-01-01,2,7819
2010-01-01,3,1504
2010-01-01,4,369
2010-01-01,5,107
2010-01-01,6,53
2010-01-01,7,20
2010-01-01,8,12
2010-01-01,9,3
2010-01-01,11,3
2010-01-01,12,1
2010-01-01,10,1
2010-01-01,13,1
2010-02-01,1,46146
2010-02-01,2,7953
2010-02-01,3,1546
2010-02-01,4,391
2010-02-01,5,107
2010-02-01,6,44
2010-02-01,7,18
2010-02-01,8,9
2010-02-01,9,5
2010-02-01,10,5
2010-02-01,16,1
2010-03-01,1,52100
2010-03-01,2,10017
2010-03-01,3,2090
2010-03-01,4,614
2010-03-01,5,193
2010-03-01,6,71
2010-03-01,7,35
2010-03-01,9,12
2010-03-01,8,9
2010-03-01,10,6
2010-03-01,11,2
2010-03-01,19,1
2010-03-01,17,1
2010-03-01,14,1
2010-03-01,12,1
2010-04-01,1,46556
2010-04-01,2,8387
2010-04-01,3,1689
2010-04-01,4,436
2010-04-01,5,148
2010-04-01,6,52
2010-04-01,7,16
2010-04-01,8,15
2010-04-01,9,4
2010-04-01,14,3
2010-04-01,12,3
2010-04-01,11,3
2010-04-01,10,1
2010-04-01,13,1
2010-04-01,18,1
2010-05-01,1,46017
2010-05-01,2,8197
2010-05-01,3,1626
2010-05-01,4,448
2010-05-01,5,124
2010-05-01,6,59
2010-05-01,7,16
2010-05-01,8,11
2010-05-01,9,6
2010-05-01,10,5
2010-05-01,12,2
2010-05-01,21,1
2010-05-01,13,1
2010-05-01,11,1
2010-06-01,1,41690
2010-06-01,2,7790
2010-06-01,3,1614
2010-06-01,4,423
2010-06-01,5,128
2010-06-01,6,58
2010-06-01,7,18
2010-06-01,8,9
2010-06-01,9,6
2010-06-01,14,3
2010-06-01,10,2
2010-06-01,12,1
2010-07-01,1,40366
2010-07-01,2,7586
2010-07-01,3,1601
2010-07-01,4,420
2010-07-01,5,137
2010-07-01,6,52
2010-07-01,7,15
2010-07-01,8,12
2010-07-01,10,6
2010-07-01,11,3
2010-07-01,14,2
2010-07-01,12,2
2010-07-01,9,2
2010-07-01,17,1
2010-07-01,16,1
2010-08-01,1,35771
2010-08-01,2,6565
2010-08-01,3,1335
2010-08-01,4,344
2010-08-01,5,129
2010-08-01,6,58
2010-08-01,7,21
2010-08-01,8,15
2010-08-01,10,7
2010-08-01,9,7
2010-08-01,16,1
2010-08-01,12,1
2010-08-01,11,1
2010-08-01,14,1
2010-09-01,1,35900
2010-09-01,2,5615
2010-09-01,3,1059
2010-09-01,4,298
2010-09-01,5,67
2010-09-01,6,34
2010-09-01,7,13
2010-09-01,8,10
2010-09-01,9,3
2010-09-01,11,3
2010-09-01,12,1
2010-09-01,13,1
2010-10-01,1,44859
2010-10-01,2,8122
2010-10-01,3,1602
2010-10-01,4,426
2010-10-01,5,124
2010-10-01,6,56
2010-10-01,7,14
2010-10-01,8,11
2010-10-01,9,8
2010-10-01,11,3
2010-10-01,10,2
2010-11-01,1,42545
2010-11-01,2,7466
2010-11-01,3,1485
2010-11-01,4,411
2010-11-01,5,134
2010-11-01,6,41
2010-11-01,7,28
2010-11-01,8,10
2010-11-01,10,4
2010-11-01,12,3
2010-11-01,9,3
2010-11-01,11,2
2010-12-01,1,42588
2010-12-01,2,7339
2010-12-01,3,1409
2010-12-01,4,363
2010-12-01,5,132
2010-12-01,6,68
2010-12-01,7,22
2010-12-01,8,9
2010-12-01,10,4
2010-12-01,9,3
2010-12-01,14,1
2010-12-01,11,1
2010-12-01,13,1
2011-01-01,1,50544
2011-01-01,2,8825
2011-01-01,3,1790
2011-01-01,4,485
2011-01-01,5,136
2011-01-01,6,59
2011-01-01,7,16
2011-01-01,8,8
2011-01-01,9,6
2011-01-01,10,3
2011-01-01,12,1
2011-01-01,15,1
2011-01-01,11,1
2011-01-01,18,1
2011-02-01,1,47686
2011-02-01,2,8343
2011-02-01,3,1588
2011-02-01,4,442
2011-02-01,5,131
2011-02-01,6,35
2011-02-01,7,18
2011-02-01,8,10
2011-02-01,9,6
2011-02-01,10,3
2011-02-01,11,2
2011-02-01,12,1
2011-02-01,15,1
2011-03-01,1,47080
2011-03-01,2,8691
2011-03-01,3,1734
2011-03-01,4,481
2011-03-01,5,143
2011-03-01,6,49
2011-03-01,7,25
2011-03-01,8,10
2011-03-01,9,4
2011-03-01,24,1
2011-03-01,11,1
2011-03-01,12,1
2011-03-01,10,1
2011-04-01,1,42545
2011-04-01,2,7213
2011-04-01,3,1415
2011-04-01,4,355
2011-04-01,5,135
2011-04-01,6,54
2011-04-01,7,23
2011-04-01,8,8
2011-04-01,9,3
2011-04-01,10,3
2011-04-01,12,3
2011-05-01,1,44554
2011-05-01,2,8192
2011-05-01,3,1606
2011-05-01,4,468
2011-05-01,5,122
2011-05-01,6,54
2011-05-01,7,15
2011-05-01,8,7
2011-05-01,9,7
2011-05-01,10,2
2011-05-01,14,1
2011-05-01,15,1
2011-05-01,16,1
2011-05-01,11,1
2011-06-01,1,38735
2011-06-01,2,6746
2011-06-01,3,1268
2011-06-01,4,360
2011-06-01,5,100
2011-06-01,6,47
2011-06-01,8,13
2011-06-01,7,11
2011-06-01,9,5
2011-06-01,10,2
2011-06-01,11,2
2011-06-01,12,1
2011-07-01,1,36533
2011-07-01,2,6586
2011-07-01,3,1282
2011-07-01,4,308
2011-07-01,5,109
2011-07-01,6,44
2011-07-01,7,20
2011-07-01,8,8
2011-07-01,9,5
2011-07-01,10,2
2011-07-01,12,1
2011-07-01,11,1
2011-08-01,1,29949
2011-08-01,2,4938
2011-08-01,3,979
2011-08-01,4,254
2011-08-01,5,98
2011-08-01,6,35
2011-08-01,7,16
2011-08-01,8,12
2011-08-01,9,4
2011-08-01,11,4
2011-08-01,10,3
2011-08-01,17,1
2011-09-01,1,40332
2011-09-01,2,7017
2011-09-01,3,1359
2011-09-01,4,322
2011-09-01,5,108
2011-09-01,6,40
2011-09-01,7,19
2011-09-01,8,4
2011-09-01,9,3
2011-09-01,12,1
2011-09-01,14,1
2011-10-01,1,44529
2011-10-01,2,7667
2011-10-01,3,1386
2011-10-01,4,399
2011-10-01,5,102
2011-10-01,6,41
2011-10-01,7,13
2011-10-01,8,7
2011-10-01,10,7
2011-10-01,9,4
2011-10-01,18,1
2011-11-01,1,46492
2011-11-01,2,7961
2011-11-01,3,1605
2011-11-01,4,405
2011-11-01,5,117
2011-11-01,6,48
2011-11-01,7,18
2011-11-01,8,5
2011-11-01,11,1
2011-11-01,9,1
2011-11-01,15,1
2011-11-01,12,1
2011-11-01,10,1
2011-12-01,1,44424
2011-12-01,2,7473
2011-12-01,3,1391
2011-12-01,4,372
2011-12-01,5,136
2011-12-01,6,50
2011-12-01,7,21
2011-12-01,8,5
2011-12-01,9,4
2011-12-01,10,4
2011-12-01,11,1
2011-12-01,14,1
2011-12-01,13,1
2012-01-01,1,53118
2012-01-01,2,9413
2012-01-01,3,1902
2012-01-01,4,497
2012-01-01,5,134
2012-01-01,6,44
2012-01-01,7,16
2012-01-01,8,16
2012-01-01,9,7
2012-01-01,10,4
2012-01-01,13,1
2012-01-01,14,1
2012-02-01,1,47163
2012-02-01,2,7921
2012-02-01,3,1586
2012-02-01,4,408
2012-02-01,5,130
2012-02-01,6,47
2012-02-01,7,22
2012-02-01,8,10
2012-02-01,9,5
2012-03-01,1,45038
2012-03-01,2,7964
2012-03-01,3,1517
2012-03-01,4,410
2012-03-01,5,129
2012-03-01,6,43
2012-03-01,7,15
2012-03-01,8,10
2012-03-01,10,3
2012-03-01,9,3
2012-03-01,11,1
2012-03-01,18,1
2012-03-01,12,1
2012-04-01,1,39305
2012-04-01,2,6406
2012-04-01,3,1191
2012-04-01,4,316
2012-04-01,5,96
2012-04-01,6,39
2012-04-01,7,16
2012-04-01,8,7
2012-04-01,9,3
2012-04-01,10,2
2012-04-01,18,1
2012-05-01,1,43030
2012-05-01,2,7690
2012-05-01,3,1501
2012-05-01,4,448
2012-05-01,5,140
2012-05-01,6,38
2012-05-01,7,20
2012-05-01,8,10
2012-05-01,9,7
2012-05-01,10,3
2012-05-01,12,1
2012-05-01,11,1
2012-05-01,16,1
2012-06-01,1,37331
2012-06-01,2,6322
2012-06-01,3,1225
2012-06-01,4,349
2012-06-01,5,97
2012-06-01,6,44
2012-06-01,7,22
2012-06-01,8,12
2012-06-01,9,3
2012-06-01,12,3
2012-06-01,10,3
2012-06-01,13,1
2012-07-01,1,36968
2012-07-01,2,6844
2012-07-01,3,1406
2012-07-01,4,371
2012-07-01,5,118
2012-07-01,6,48
2012-07-01,7,22
2012-07-01,8,18
2012-07-01,9,7
2012-07-01,10,4
2012-07-01,11,1
2012-07-01,20,1
2012-07-01,12,1
2012-07-01,25,1
2012-08-01,1,29489
2012-08-01,2,4876
2012-08-01,3,932
2012-08-01,4,281
2012-08-01,5,97
2012-08-01,6,38
2012-08-01,7,20
2012-08-01,8,7
2012-08-01,9,2
2012-08-01,12,1
2012-08-01,15,1
2012-08-01,10,1
2012-08-01,11,1
2012-09-01,1,39915
2012-09-01,2,6690
2012-09-01,3,1262
2012-09-01,4,331
2012-09-01,5,95
2012-09-01,6,47
2012-09-01,7,16
2012-09-01,8,12
2012-09-01,9,3
2012-09-01,10,2
2012-09-01,21,1
2012-10-01,1,45417
2012-10-01,2,8300
2012-10-01,3,1682
2012-10-01,4,443
2012-10-01,5,133
2012-10-01,6,53
2012-10-01,7,23
2012-10-01,8,12
2012-10-01,9,5
2012-10-01,11,1
2012-10-01,12,1
2012-10-01,10,1
2012-10-01,20,1
2012-11-01,1,45125
2012-11-01,2,7665
2012-11-01,3,1447
2012-11-01,4,364
2012-11-01,5,131
2012-11-01,6,46
2012-11-01,7,15
2012-11-01,8,11
2012-11-01,10,4
2012-11-01,9,4
2012-11-01,14,1
2012-11-01,17,1
2012-11-01,25,1
2012-12-01,1,41889
2012-12-01,2,6601
2012-12-01,3,1269
2012-12-01,4,325
2012-12-01,5,113
2012-12-01,6,42
2012-12-01,7,22
2012-12-01,8,11
2012-12-01,10,5
2012-12-01,9,4
2012-12-01,12,2
2012-12-01,14,1
2012-12-01,11,1
2013-01-01,1,55346
2013-01-01,2,10236
2013-01-01,3,2080
2013-01-01,4,575
2013-01-01,5,175
2013-01-01,6,64
2013-01-01,7,26
2013-01-01,8,19
2013-01-01,10,8
2013-01-01,9,4
2013-01-01,11,2
2013-02-01,1,49725
2013-02-01,2,8325
2013-02-01,3,1669
2013-02-01,4,428
2013-02-01,5,130
2013-02-01,6,51
2013-02-01,8,11
2013-02-01,7,9
2013-02-01,9,5
2013-02-01,10,3
2013-02-01,12,1
2013-03-01,1,47714
2013-03-01,2,8203
2013-03-01,3,1553
2013-03-01,4,445
2013-03-01,5,131
2013-03-01,6,46
2013-03-01,7,18
2013-03-01,8,9
2013-03-01,9,5
2013-03-01,14,3
2013-03-01,11,3
2013-03-01,13,2
2013-03-01,10,2
2013-04-01,1,42860
2013-04-01,2,7355
2013-04-01,3,1521
2013-04-01,4,399
2013-04-01,5,128
2013-04-01,6,52
2013-04-01,7,21
2013-04-01,8,8
2013-04-01,9,6
2013-04-01,10,3
2013-04-01,11,1
2013-04-01,22,1
2013-04-01,15,1
2013-04-01,20,1
2013-04-01,14,1
2013-05-01,1,43652
2013-05-01,2,7946
2013-05-01,3,1617
2013-05-01,4,454
2013-05-01,5,145
2013-05-01,6,52
2013-05-01,7,20
2013-05-01,8,9
2013-05-01,9,6
2013-05-01,10,4
2013-05-01,11,3
2013-05-01,13,3
2013-05-01,12,1
2013-05-01,25,1
2013-05-01,20,1
2013-05-01,14,1
2013-06-01,1,38672
2013-06-01,2,6635
2013-06-01,3,1294
2013-06-01,4,334
2013-06-01,5,126
2013-06-01,6,38
2013-06-01,7,10
2013-06-01,8,8
2013-06-01,11,2
2013-06-01,20,2
2013-06-01,9,2
2013-06-01,15,1
2013-06-01,16,1
2013-06-01,12,1
2013-07-01,1,38470
2013-07-01,2,7312
2013-07-01,3,1572
2013-07-01,4,451
2013-07-01,5,142
2013-07-01,6,67
2013-07-01,7,33
2013-07-01,8,18
2013-07-01,9,10
2013-07-01,10,3
2013-07-01,14,1
2013-07-01,15,1
2013-07-01,16,1
2013-07-01,12,1
2013-07-01,18,1
2013-08-01,1,29010
2013-08-01,2,4914
2013-08-01,3,923
2013-08-01,4,237
2013-08-01,5,103
2013-08-01,6,31
2013-08-01,7,13
2013-08-01,8,12
2013-08-01,10,4
2013-08-01,11,2
2013-08-01,12,2
2013-08-01,14,1
2013-08-01,9,1
2013-09-01,1,41710
2013-09-01,2,7575
2013-09-01,3,1485
2013-09-01,4,400
2013-09-01,5,128
2013-09-01,6,40
2013-09-01,7,17
2013-09-01,8,11
2013-09-01,9,2
2013-09-01,10,2
2013-09-01,11,1
2013-09-01,34,1
2013-09-01,13,1
2013-09-01,12,1
2013-10-01,1,47108
2013-10-01,2,8589
2013-10-01,3,1725
2013-10-01,4,519
2013-10-01,5,140
2013-10-01,6,54
2013-10-01,7,22
2013-10-01,8,9
2013-10-01,9,6
2013-10-01,10,5
2013-10-01,11,3
2013-10-01,13,2
2013-10-01,18,1
2013-11-01,1,42657
2013-11-01,2,7116
2013-11-01,3,1364
2013-11-01,4,332
2013-11-01,5,101
2013-11-01,6,47
2013-11-01,7,10
2013-11-01,8,9
2013-11-01,10,5
2013-11-01,9,4
2013-11-01,12,1
2013-11-01,11,1
2013-12-01,1,46330
2013-12-01,2,7887
2013-12-01,3,1579
2013-12-01,4,436
2013-12-01,5,110
2013-12-01,6,48
2013-12-01,7,21
2013-12-01,8,13
2013-12-01,9,8
2013-12-01,11,1
2013-12-01,17,1
2013-12-01,12,1
2014-01-01,1,55771
2014-01-01,2,10477
2014-01-01,3,2204
2014-01-01,4,602
2014-01-01,5,165
2014-01-01,6,63
2014-01-01,7,23
2014-01-01,8,13
2014-01-01,9,8
2014-01-01,12,2
2014-01-01,11,2
2014-01-01,14,1
2014-02-01,1,49403
2014-02-01,2,8346
2014-02-01,3,1781
2014-02-01,4,465
2014-02-01,5,149
2014-02-01,6,49
2014-02-01,7,14
2014-02-01,8,13
2014-02-01,9,5
2014-02-01,10,3
2014-02-01,12,1
2014-03-01,1,49735
2014-03-01,2,8815
2014-03-01,3,1809
2014-03-01,4,475
2014-03-01,5,159
2014-03-01,6,47
2014-03-01,7,25
2014-03-01,8,10
2014-03-01,9,8
2014-03-01,11,2
2014-03-01,10,2
2014-03-01,22,1
2014-03-01,18,1
2014-04-01,1,42780
2014-04-01,2,7268
2014-04-01,3,1485
2014-04-01,4,353
2014-04-01,5,146
2014-04-01,6,60
2014-04-01,7,19
2014-04-01,8,8
2014-04-01,10,5
2014-04-01,9,4
2014-04-01,12,3
2014-04-01,11,2
2014-04-01,21,1
2014-05-01,1,44380
2014-05-01,2,7796
2014-05-01,3,1603
2014-05-01,4,453
2014-05-01,5,130
2014-05-01,6,61
2014-05-01,7,22
2014-05-01,8,9
2014-05-01,9,4
2014-05-01,12,3
2014-05-01,10,2
2014-05-01,11,1
2014-05-01,27,1
2014-06-01,1,39416
2014-06-01,2,7065
2014-06-01,3,1414
2014-06-01,4,453
2014-06-01,5,137
2014-06-01,6,29
2014-06-01,7,18
2014-06-01,8,9
2014-06-01,9,5
2014-06-01,12,1
2014-06-01,11,1
2014-06-01,10,1
2014-06-01,13,1
2014-07-01,1,40023
2014-07-01,2,7721
2014-07-01,3,1602
2014-07-01,4,458
2014-07-01,5,148
2014-07-01,6,60
2014-07-01,7,28
2014-07-01,8,17
2014-07-01,9,5
2014-07-01,16,2
2014-07-01,11,2
2014-07-01,10,2
2014-07-01,14,1
2014-07-01,17,1
2014-08-01,1,29822
2014-08-01,2,4874
2014-08-01,3,967
2014-08-01,4,285
2014-08-01,5,93
2014-08-01,6,43
2014-08-01,7,14
2014-08-01,8,7
2014-08-01,9,4
2014-08-01,11,2
2014-08-01,15,1
2014-08-01,12,1
2014-08-01,10,1
2014-08-01,19,1
2014-09-01,1,42984
2014-09-01,2,8037
2014-09-01,3,1643
2014-09-01,4,440
2014-09-01,5,120
2014-09-01,6,57
2014-09-01,8,14
2014-09-01,7,12
2014-09-01,9,8
2014-09-01,10,3
2014-09-01,12,2
2014-09-01,17,2
2014-09-01,11,1
2014-09-01,13,1
2014-09-01,20,1
2014-10-01,1,47131
2014-10-01,2,8496
2014-10-01,3,1858
2014-10-01,4,496
2014-10-01,5,146
2014-10-01,6,38
2014-10-01,7,24
2014-10-01,11,8
2014-10-01,8,8
2014-10-01,9,3
2014-10-01,10,2
2014-10-01,14,1
2014-10-01,12,1
2014-10-01,13,1
2014-10-01,15,1
2014-11-01,1,43325
2014-11-01,2,7126
2014-11-01,3,1449
2014-11-01,4,333
2014-11-01,5,98
2014-11-01,6,40
2014-11-01,7,15
2014-11-01,8,14
2014-11-01,9,4
2014-11-01,10,2
2014-11-01,13,1
2014-11-01,11,1
2014-11-01,14,1
2014-12-01,1,45304
2014-12-01,2,7791
2014-12-01,3,1556
2014-12-01,4,370
2014-12-01,5,119
2014-12-01,6,51
2014-12-01,7,21
2014-12-01,8,8
2014-12-01,9,7
2014-12-01,11,6
2014-12-01,15,2
2014-12-01,14,1
2014-12-01,23,1
2014-12-01,10,1
2014-12-01,12,1
2015-01-01,1,57554
2015-01-01,2,10445
2015-01-01,3,2237
2015-01-01,4,570
2015-01-01,5,175
2015-01-01,6,63
2015-01-01,7,16
2015-01-01,8,15
2015-01-01,9,9
2015-01-01,13,3
2015-01-01,12,1
2015-01-01,15,1
2015-01-01,14,1
2015-01-01,10,1
2015-02-01,1,50874
2015-02-01,2,8972
2015-02-01,3,1704
2015-02-01,4,453
2015-02-01,5,155
2015-02-01,6,49
2015-02-01,7,23
2015-02-01,8,10
2015-02-01,9,4
2015-02-01,10,3
2015-02-01,12,1
2015-02-01,22,1
2015-03-01,1,51347
2015-03-01,2,9523
2015-03-01,3,2014
2015-03-01,4,519
2015-03-01,5,185
2015-03-01,6,70
2015-03-01,7,35
2015-03-01,8,13
2015-03-01,9,6
2015-03-01,11,3
2015-03-01,10,3
2015-03-01,13,2
2015-03-01,26,1
2015-03-01,12,1
2015-04-01,1,42688
2015-04-01,2,7438
2015-04-01,3,1497
2015-04-01,4,417
2015-04-01,5,119
2015-04-01,6,46
2015-04-01,7,15
2015-04-01,8,9
2015-04-01,9,7
2015-04-01,11,1
2015-04-01,27,1
2015-04-01,10,1
2015-05-01,1,39875
2015-05-01,2,6912
2015-05-01,3,1418
2015-05-01,4,397
2015-05-01,5,110
2015-05-01,6,31
2015-05-01,7,22
2015-05-01,8,10
2015-05-01,9,4
2015-05-01,11,2
2015-05-01,12,1
2015-05-01,13,1
2015-05-01,16,1
2015-05-01,15,1
2015-05-01,10,1
2015-06-01,1,39050
2015-06-01,2,7164
2015-06-01,3,1443
2015-06-01,4,398
2015-06-01,5,121
2015-06-01,6,48
2015-06-01,7,18
2015-06-01,8,14
2015-06-01,9,10
2015-06-01,10,3
2015-06-01,19,1
2015-06-01,12,1
2015-07-01,1,37680
2015-07-01,2,7332
2015-07-01,3,1576
2015-07-01,4,445
2015-07-01,5,144
2015-07-01,6,57
2015-07-01,8,16
2015-07-01,7,14
2015-07-01,9,6
2015-07-01,10,6
2015-07-01,11,2
2015-07-01,14,1
2015-07-01,15,1
2015-07-01,19,1
2015-07-01,12,1
2015-07-01,13,1
2015-08-01,1,29404
2015-08-01,2,5017
2015-08-01,3,998
2015-08-01,4,268
2015-08-01,5,90
2015-08-01,6,42
2015-08-01,7,19
2015-08-01,8,7
2015-08-01,10,5
2015-08-01,9,2
2015-08-01,11,1
2015-08-01,16,1
2015-08-01,12,1
2015-09-01,1,41202
2015-09-01,2,7256
2015-09-01,3,1534
2015-09-01,4,400
2015-09-01,5,127
2015-09-01,6,49
2015-09-01,7,14
2015-09-01,8,9
2015-09-01,9,8
2015-09-01,11,2
2015-09-01,26,1
2015-09-01,12,1
2015-09-01,10,1
2015-10-01,1,44563
2015-10-01,2,7922
2015-10-01,3,1577
2015-10-01,4,382
2015-10-01,5,108
2015-10-01,6,42
2015-10-01,7,24
2015-10-01,8,14
2015-10-01,9,6
2015-10-01,11,3
2015-10-01,13,2
2015-10-01,10,2
2015-11-01,1,43880
2015-11-01,2,7429
2015-11-01,3,1505
2015-11-01,4,372
2015-11-01,5,121
2015-11-01,6,42
2015-11-01,7,15
2015-11-01,8,8
2015-11-01,9,4
2015-11-01,10,3
2015-11-01,12,3
2015-11-01,11,1
2015-11-01,13,1
2015-12-01,1,44560
2015-12-01,2,7857
2015-12-01,3,1586
2015-12-01,4,397
2015-12-01,5,121
2015-12-01,6,35
2015-12-01,7,16
2015-12-01,8,13
2015-12-01,9,6
2015-12-01,10,4
2015-12-01,15,2
2015-12-01,13,1
2015-12-01,25,1
2015-12-01,11,1
2016-01-01,1,47512
2016-01-01,2,8298
2016-01-01,3,1529
2016-01-01,4,467
2016-01-01,5,125
2016-01-01,6,48
2016-01-01,7,14
2016-01-01,8,6
2016-01-01,9,5
2016-01-01,10,3
2016-01-01,12,1
2016-01-01,15,1
2016-01-01,11,1
2016-01-01,13,1
2016-02-01,1,48196
2016-02-01,2,8203
2016-02-01,3,1607
2016-02-01,4,415
2016-02-01,5,124
2016-02-01,6,56
2016-02-01,7,26
2016-02-01,9,8
2016-02-01,10,6
2016-02-01,8,6
2016-02-01,13,2
2016-02-01,11,1
2016-02-01,14,1
2016-02-01,22,1
2016-02-01,12,1
2016-02-01,15,1
2016-03-01,1,48479
2016-03-01,2,8520
2016-03-01,3,1824
2016-03-01,4,485
2016-03-01,5,129
2016-03-01,6,60
2016-03-01,7,24
2016-03-01,8,14
2016-03-01,9,6
2016-03-01,12,4
2016-03-01,10,3
2016-03-01,11,2
2016-03-01,13,1
2016-03-01,15,1
2016-03-01,24,1
2016-04-01,1,41901
2016-04-01,2,7105
2016-04-01,3,1405
2016-04-01,4,392
2016-04-01,5,96
2016-04-01,6,40
2016-04-01,7,14
2016-04-01,8,7
2016-04-01,10,4
2016-04-01,9,3
2016-04-01,11,3
2016-04-01,12,2
2016-04-01,14,1
2016-04-01,23,1
2016-05-01,1,43444
2016-05-01,2,7723
2016-05-01,3,1597
2016-05-01,4,448
2016-05-01,5,139
2016-05-01,6,56
2016-05-01,7,21
2016-05-01,8,11
2016-05-01,9,7
2016-05-01,11,5
2016-05-01,10,3
2016-05-01,13,3
2016-05-01,12,1
2016-05-01,15,1
2016-05-01,16,1
2016-06-01,1,37750
2016-06-01,2,6511
2016-06-01,3,1327
2016-06-01,4,353
2016-06-01,5,102
2016-06-01,6,43
2016-06-01,8,17
2016-06-01,7,14
2016-06-01,10,5
2016-06-01,9,4
2016-06-01,11,2
2016-06-01,12,2
2016-06-01,20,1
2016-06-01,13,1
2016-06-01,15,1
2016-07-01,1,35771
2016-07-01,2,6633
2016-07-01,3,1361
2016-07-01,4,375
2016-07-01,5,131
2016-07-01,6,41
2016-07-01,7,26
2016-07-01,8,10
2016-07-01,12,5
2016-07-01,9,4
2016-07-01,10,3
2016-07-01,11,1
2016-07-01,14,1
2016-08-01,1,31323
2016-08-01,2,5327
2016-08-01,3,1103
2016-08-01,4,308
2016-08-01,5,95
2016-08-01,6,38
2016-08-01,7,17
2016-08-01,9,7
2016-08-01,8,5
2016-08-01,11,4
2016-08-01,10,3
2016-08-01,13,3
2016-08-01,12,3
2016-09-01,1,40551
2016-09-01,2,7251
2016-09-01,3,1425
2016-09-01,4,420
2016-09-01,5,115
2016-09-01,6,36
2016-09-01,7,21
2016-09-01,8,12
2016-09-01,9,7
2016-09-01,10,2
2016-09-01,15,1
2016-09-01,11,1
2016-09-01,13,1
2016-10-01,1,43167
2016-10-01,2,7281
2016-10-01,3,1455
2016-10-01,4,388
2016-10-01,5,117
2016-10-01,6,53
2016-10-01,7,20
2016-10-01,8,7
2016-10-01,9,5
2016-10-01,10,4
2016-10-01,21,1
2016-10-01,13,1
2016-10-01,18,1
2016-10-01,15,1
2016-11-01,1,43020
2016-11-01,2,7193
2016-11-01,3,1487
2016-11-01,4,366
2016-11-01,5,128
2016-11-01,6,60
2016-11-01,7,16
2016-11-01,8,12
2016-11-01,9,4
2016-11-01,11,4
2016-11-01,18,1
2016-11-01,10,1
2016-11-01,12,1
2016-12-01,1,49816
2016-12-01,2,8580
2016-12-01,3,1710
2016-12-01,4,477
2016-12-01,5,162
2016-12-01,6,52
2016-12-01,7,26
2016-12-01,8,13
2016-12-01,9,10
2016-12-01,10,4
2016-12-01,11,1
2016-12-01,13,1
2016-12-01,18,1
2017-01-01,1,51573
2017-01-01,2,9129
2017-01-01,3,1973
2017-01-01,4,505
2017-01-01,5,172
2017-01-01,6,78
2017-01-01,7,21
2017-01-01,8,9
2017-01-01,11,5
2017-01-01,10,3
2017-01-01,13,3
2017-01-01,9,3
2017-01-01,12,1
2017-02-01,1,42941
2017-02-01,2,7105
2017-02-01,3,1364
2017-02-01,4,375
2017-02-01,5,97
2017-02-01,6,39
2017-02-01,7,25
2017-02-01,8,10
2017-02-01,9,4
2017-02-01,10,2
2017-02-01,13,1
2017-02-01,11,1
2017-02-01,12,1
2017-03-01,1,46762
2017-03-01,2,8251
2017-03-01,3,1723
2017-03-01,4,493
2017-03-01,5,171
2017-03-01,6,76
2017-03-01,7,21
2017-03-01,8,17
2017-03-01,9,7
2017-03-01,10,4
2017-03-01,13,1
2017-03-01,12,1
2017-03-01,11,1
2017-04-01,1,35932
2017-04-01,2,5675
2017-04-01,3,1086
2017-04-01,4,285
2017-04-01,5,76
2017-04-01,6,31
2017-04-01,7,22
2017-04-01,8,9
2017-04-01,9,4
2017-04-01,13,1
2017-04-01,12,1
2017-04-01,10,1
2017-05-01,1,41434
2017-05-01,2,7441
2017-05-01,3,1488
2017-05-01,4,412
2017-05-01,5,124
2017-05-01,6,62
2017-05-01,7,21
2017-05-01,8,14
2017-05-01,9,3
2017-05-01,10,3
2017-05-01,13,2
2017-05-01,12,2
2017-05-01,11,2
2017-05-01,14,1
2017-06-01,1,36026
2017-06-01,2,6063
2017-06-01,3,1149
2017-06-01,4,318
2017-06-01,5,96
2017-06-01,6,40
2017-06-01,7,18
2017-06-01,8,9
2017-06-01,9,8
2017-06-01,10,2
2017-06-01,11,1
2017-07-01,1,34841
2017-07-01,2,6417
2017-07-01,3,1201
2017-07-01,4,354
2017-07-01,5,87
2017-07-01,6,45
2017-07-01,7,25
2017-07-01,8,11
2017-07-01,10,2
2017-07-01,9,2
2017-08-01,1,28528
2017-08-01,2,4783
2017-08-01,3,920
2017-08-01,4,262
2017-08-01,5,92
2017-08-01,6,32
2017-08-01,7,18
2017-08-01,8,4
2017-08-01,9,4
2017-08-01,10,4
2017-08-01,13,1
2017-08-01,11,1
2017-09-01,1,39071
2017-09-01,2,6601
2017-09-01,3,1320
2017-09-01,4,316
2017-09-01,5,105
2017-09-01,6,38
2017-09-01,7,16
2017-09-01,8,9
2017-09-01,9,6
2017-09-01,10,4
2017-09-01,20,1
2017-10-01,1,43769
2017-10-01,2,7769
2017-10-01,3,1589
2017-10-01,4,457
2017-10-01,5,129
2017-10-01,6,61
2017-10-01,7,15
2017-10-01,8,10
2017-10-01,9,6
2017-10-01,10,3
2017-10-01,11,1
2017-10-01,18,1
2017-10-01,13,1
2017-11-01,1,40858
2017-11-01,2,6914
2017-11-01,3,1335
2017-11-01,4,344
2017-11-01,5,118
2017-11-01,6,40
2017-11-01,7,15
2017-11-01,8,11
2017-11-01,11,1
2017-11-01,14,1
2017-11-01,10,1
2017-11-01,16,1
2017-12-01,1,39835
2017-12-01,2,6436
2017-12-01,3,1195
2017-12-01,4,313
2017-12-01,5,112
2017-12-01,6,50
2017-12-01,7,13
2017-12-01,8,6
2017-12-01,9,4
2017-12-01,11,2
2017-12-01,13,1
2018-01-01,1,53404
2018-01-01,2,9953
2018-01-01,3,2128
2018-01-01,4,533
2018-01-01,5,192
2018-01-01,6,64
2018-01-01,7,21
2018-01-01,8,14
2018-01-01,9,8
2018-01-01,12,7
2018-01-01,10,3
2018-01-01,18,1
2018-01-01,13,1
2018-01-01,14,1
2018-02-01,1,41973
2018-02-01,2,6862
2018-02-01,3,1396
2018-02-01,4,360
2018-02-01,5,106
2018-02-01,6,32
2018-02-01,7,16
2018-02-01,8,4
2018-02-01,9,1
2018-03-01,1,41821
2018-03-01,2,7427
2018-03-01,3,1526
2018-03-01,4,410
2018-03-01,5,113
2018-03-01,6,35
2018-03-01,7,26
2018-03-01,8,13
2018-03-01,9,6
2018-03-01,11,3
2018-03-01,10,3
2018-03-01,15,1
2018-03-01,14,1
2018-04-01,1,36125
2018-04-01,2,5977
2018-04-01,3,1204
2018-04-01,4,308
2018-04-01,5,100
2018-04-01,6,50
2018-04-01,7,19
2018-04-01,8,11
2018-04-01,10,4
2018-04-01,9,3
2018-04-01,11,2
2018-05-01,1,38145
2018-05-01,2,6883
2018-05-01,3,1420
2018-05-01,4,392
2018-05-01,5,130
2018-05-01,6,46
2018-05-01,7,26
2018-05-01,8,13
2018-05-01,10,7
2018-05-01,9,5
2018-05-01,11,2
2018-05-01,13,1
2018-05-01,17,1
2018-05-01,14,1
2018-06-01,1,33701
2018-06-01,2,5761
2018-06-01,3,1221
2018-06-01,4,316
2018-06-01,5,106
2018-06-01,6,31
2018-06-01,7,20
2018-06-01,8,10
2018-06-01,9,5
2018-06-01,10,2
2018-06-01,12,1
2018-06-01,11,1
